/*
MySQL Data Transfer
Source Host: localhost
Source Database: nweaverweb
Target Host: localhost
Target Database: nweaverweb
Date: 2015/12/26 13:57:58
*/

SET FOREIGN_KEY_CHECKS=0;
-- ----------------------------
-- Table structure for articles
-- ----------------------------
CREATE TABLE `articles` (
  `id` int(10) unsigned NOT NULL AUTO_INCREMENT,
  `title` varchar(255) COLLATE utf8_unicode_ci NOT NULL,
  `content` text COLLATE utf8_unicode_ci NOT NULL,
  `intro` text COLLATE utf8_unicode_ci NOT NULL,
  `publish_time` timestamp NOT NULL DEFAULT '0000-00-00 00:00:00',
  `created_at` timestamp NOT NULL DEFAULT '0000-00-00 00:00:00',
  `updated_at` timestamp NOT NULL DEFAULT '0000-00-00 00:00:00',
  PRIMARY KEY (`id`)
) ENGINE=InnoDB AUTO_INCREMENT=21 DEFAULT CHARSET=utf8 COLLATE=utf8_unicode_ci;

-- ----------------------------
-- Table structure for mails
-- ----------------------------
CREATE TABLE `mails` (
  `id` int(10) unsigned NOT NULL AUTO_INCREMENT,
  `sender` int(11) NOT NULL,
  `receiver` int(11) NOT NULL,
  `created_at` timestamp NOT NULL DEFAULT '0000-00-00 00:00:00',
  `updated_at` timestamp NOT NULL DEFAULT '0000-00-00 00:00:00',
  PRIMARY KEY (`id`)
) ENGINE=InnoDB DEFAULT CHARSET=utf8 COLLATE=utf8_unicode_ci;

-- ----------------------------
-- Table structure for migrations
-- ----------------------------
CREATE TABLE `migrations` (
  `migration` varchar(255) COLLATE utf8_unicode_ci NOT NULL,
  `batch` int(11) NOT NULL
) ENGINE=InnoDB DEFAULT CHARSET=utf8 COLLATE=utf8_unicode_ci;

-- ----------------------------
-- Table structure for password_resets
-- ----------------------------
CREATE TABLE `password_resets` (
  `email` varchar(255) COLLATE utf8_unicode_ci NOT NULL,
  `token` varchar(255) COLLATE utf8_unicode_ci NOT NULL,
  `created_at` timestamp NOT NULL DEFAULT '0000-00-00 00:00:00',
  KEY `password_resets_email_index` (`email`),
  KEY `password_resets_token_index` (`token`)
) ENGINE=InnoDB DEFAULT CHARSET=utf8 COLLATE=utf8_unicode_ci;

-- ----------------------------
-- Table structure for post_tag_pivot
-- ----------------------------
CREATE TABLE `post_tag_pivot` (
  `id` int(10) unsigned NOT NULL AUTO_INCREMENT,
  `post_id` int(10) unsigned NOT NULL,
  `tag_id` int(10) unsigned NOT NULL,
  PRIMARY KEY (`id`),
  KEY `post_tag_privot_post_id_index` (`post_id`),
  KEY `post_tag_privot_tag_id_index` (`tag_id`)
) ENGINE=InnoDB AUTO_INCREMENT=24 DEFAULT CHARSET=utf8 COLLATE=utf8_unicode_ci;

-- ----------------------------
-- Table structure for posts
-- ----------------------------
CREATE TABLE `posts` (
  `id` int(10) unsigned NOT NULL AUTO_INCREMENT,
  `slug` varchar(255) COLLATE utf8_unicode_ci NOT NULL,
  `title` varchar(255) COLLATE utf8_unicode_ci NOT NULL,
  `subtitle` varchar(255) COLLATE utf8_unicode_ci NOT NULL,
  `content_raw` text COLLATE utf8_unicode_ci NOT NULL,
  `content_html` text COLLATE utf8_unicode_ci NOT NULL,
  `page_image` varchar(255) COLLATE utf8_unicode_ci NOT NULL,
  `meta_description` varchar(255) COLLATE utf8_unicode_ci NOT NULL,
  `is_draft` tinyint(1) NOT NULL,
  `layout` varchar(255) COLLATE utf8_unicode_ci NOT NULL DEFAULT 'blog.layouts.post',
  `created_at` timestamp NOT NULL DEFAULT '0000-00-00 00:00:00',
  `updated_at` timestamp NOT NULL DEFAULT '0000-00-00 00:00:00',
  `published_at` timestamp NOT NULL DEFAULT '0000-00-00 00:00:00',
  PRIMARY KEY (`id`),
  UNIQUE KEY `posts_slug_unique` (`slug`),
  KEY `posts_published_at_index` (`published_at`)
) ENGINE=InnoDB AUTO_INCREMENT=21 DEFAULT CHARSET=utf8 COLLATE=utf8_unicode_ci;

-- ----------------------------
-- Table structure for project_user
-- ----------------------------
CREATE TABLE `project_user` (
  `id` int(10) unsigned NOT NULL AUTO_INCREMENT,
  `user_id` int(11) NOT NULL,
  `project_id` int(11) NOT NULL,
  `ismanager` tinyint(1) NOT NULL,
  `created_at` timestamp NOT NULL DEFAULT '0000-00-00 00:00:00',
  `updated_at` timestamp NOT NULL DEFAULT '0000-00-00 00:00:00',
  PRIMARY KEY (`id`)
) ENGINE=InnoDB AUTO_INCREMENT=4 DEFAULT CHARSET=utf8 COLLATE=utf8_unicode_ci;

-- ----------------------------
-- Table structure for projects
-- ----------------------------
CREATE TABLE `projects` (
  `id` int(10) unsigned NOT NULL AUTO_INCREMENT,
  `name` varchar(255) COLLATE utf8_unicode_ci NOT NULL,
  `title` varchar(255) COLLATE utf8_unicode_ci NOT NULL,
  `content` text COLLATE utf8_unicode_ci NOT NULL,
  `status` varchar(255) COLLATE utf8_unicode_ci NOT NULL,
  `img_url` varchar(255) COLLATE utf8_unicode_ci NOT NULL DEFAULT '/image/project_img/project_item.jpg',
  `created_at` timestamp NOT NULL DEFAULT '0000-00-00 00:00:00',
  `updated_at` timestamp NOT NULL DEFAULT '0000-00-00 00:00:00',
  PRIMARY KEY (`id`)
) ENGINE=InnoDB AUTO_INCREMENT=4 DEFAULT CHARSET=utf8 COLLATE=utf8_unicode_ci;

-- ----------------------------
-- Table structure for tags
-- ----------------------------
CREATE TABLE `tags` (
  `id` int(10) unsigned NOT NULL AUTO_INCREMENT,
  `tag` varchar(255) COLLATE utf8_unicode_ci NOT NULL,
  `title` varchar(255) COLLATE utf8_unicode_ci NOT NULL,
  `subtitle` varchar(255) COLLATE utf8_unicode_ci NOT NULL,
  `page_image` varchar(255) COLLATE utf8_unicode_ci NOT NULL,
  `meta_description` varchar(255) COLLATE utf8_unicode_ci NOT NULL,
  `layout` varchar(255) COLLATE utf8_unicode_ci NOT NULL DEFAULT 'blog.layouts.index',
  `reverse_direction` tinyint(1) NOT NULL,
  `created_at` timestamp NOT NULL DEFAULT '0000-00-00 00:00:00',
  `updated_at` timestamp NOT NULL DEFAULT '0000-00-00 00:00:00',
  PRIMARY KEY (`id`),
  UNIQUE KEY `tags_tag_unique` (`tag`)
) ENGINE=InnoDB AUTO_INCREMENT=6 DEFAULT CHARSET=utf8 COLLATE=utf8_unicode_ci;

-- ----------------------------
-- Table structure for task_user
-- ----------------------------
CREATE TABLE `task_user` (
  `id` int(10) unsigned NOT NULL AUTO_INCREMENT,
  `user_id` int(11) NOT NULL,
  `task_id` int(11) NOT NULL,
  `created_at` timestamp NOT NULL DEFAULT '0000-00-00 00:00:00',
  `updated_at` timestamp NOT NULL DEFAULT '0000-00-00 00:00:00',
  PRIMARY KEY (`id`)
) ENGINE=InnoDB AUTO_INCREMENT=7 DEFAULT CHARSET=utf8 COLLATE=utf8_unicode_ci;

-- ----------------------------
-- Table structure for tasks
-- ----------------------------
CREATE TABLE `tasks` (
  `id` int(10) unsigned NOT NULL AUTO_INCREMENT,
  `name` varchar(255) COLLATE utf8_unicode_ci NOT NULL,
  `title` varchar(255) COLLATE utf8_unicode_ci NOT NULL,
  `content` text COLLATE utf8_unicode_ci NOT NULL,
  `project_id` int(11) NOT NULL,
  `flag` varchar(255) COLLATE utf8_unicode_ci NOT NULL,
  `created_at` timestamp NOT NULL DEFAULT '0000-00-00 00:00:00',
  `updated_at` timestamp NOT NULL DEFAULT '0000-00-00 00:00:00',
  PRIMARY KEY (`id`)
) ENGINE=InnoDB AUTO_INCREMENT=19 DEFAULT CHARSET=utf8 COLLATE=utf8_unicode_ci;

-- ----------------------------
-- Table structure for users
-- ----------------------------
CREATE TABLE `users` (
  `id` int(10) unsigned NOT NULL AUTO_INCREMENT,
  `name` varchar(255) COLLATE utf8_unicode_ci NOT NULL,
  `email` varchar(255) COLLATE utf8_unicode_ci NOT NULL,
  `password` varchar(60) COLLATE utf8_unicode_ci NOT NULL,
  `remember_token` varchar(100) COLLATE utf8_unicode_ci DEFAULT NULL,
  `created_at` timestamp NOT NULL DEFAULT '0000-00-00 00:00:00',
  `updated_at` timestamp NOT NULL DEFAULT '0000-00-00 00:00:00',
  `portrait` varchar(255) COLLATE utf8_unicode_ci NOT NULL DEFAULT '/image/protrait/default.png',
  PRIMARY KEY (`id`),
  UNIQUE KEY `users_email_unique` (`email`)
) ENGINE=InnoDB AUTO_INCREMENT=2 DEFAULT CHARSET=utf8 COLLATE=utf8_unicode_ci;

-- ----------------------------
-- Records 
-- ----------------------------
INSERT INTO `articles` VALUES ('1', 'Nesciunt vitae dolor aut quis voluptas animi.', 'Beatae delectus et ut. Sunt facere ad inventore. Ratione soluta ut tenetur rem ut.\\n\\nVoluptatibus laborum qui dicta adipisci velit nesciunt quae. Minus voluptas sed laborum dignissimos ad suscipit commodi. Placeat neque corrupti et ut aliquam.\\n\\nSit sit officiis et perferendis accusamus quisquam. Et ipsa nostrum illo sint impedit aperiam. Voluptatem sit ipsum ratione optio. Necessitatibus vero et in voluptatem.', '', '2015-11-30 22:08:31', '2015-12-23 04:40:03', '2015-12-23 04:40:03');
INSERT INTO `articles` VALUES ('2', 'Praesentium minus aspernatur minima impedit id consectetur non dolorem at voluptatem.', 'Qui suscipit sequi autem voluptates neque. Numquam et sunt et ut. In aut quia optio voluptatum dolore et velit.\\n\\nEt omnis sapiente qui reprehenderit quasi. Id quod vel itaque itaque. Quasi commodi facere rerum error iure quam. Soluta sit quo qui sit numquam et.\\n\\nCommodi est aperiam rem et et explicabo. Qui non corrupti eos. Aut in hic at officiis. Omnis commodi odio delectus et quasi odio.\\n\\nAmet ipsa quos omnis saepe. Accusantium quae molestiae ea quas laboriosam odio veniam. Explicabo corrupti aut eaque et odit id.\\n\\nImpedit voluptas consequatur itaque quaerat. Maiores soluta enim aut qui animi labore vero.\\n\\nIpsa dolorem sed quis itaque cumque maiores quisquam. Ab aspernatur aliquam iusto. Sequi minus similique voluptatum et. Veritatis ducimus alias atque.', '', '2015-12-14 03:20:49', '2015-12-23 04:40:03', '2015-12-23 04:40:03');
INSERT INTO `articles` VALUES ('3', 'Qui voluptas aut atque veritatis nobis eos eveniet.', 'Autem odio dolor provident non voluptatem. Velit non pariatur optio perferendis necessitatibus sunt quam. Est mollitia in sed vitae et quisquam. Architecto temporibus omnis sint sit beatae.\\n\\nA et vel earum ea dolor rem. Aut dolores rerum harum veniam aut facere molestiae.\\n\\nFacilis vero soluta consequatur illum quo. Voluptatem ea quia eius est. Quis molestias non consequatur sit non nesciunt.\\n\\nTempore quo aut atque eaque numquam neque alias. Et facere iure molestiae sint. Est qui doloremque qui nobis. Quo quae quae eligendi quia.', '', '2015-11-23 13:55:46', '2015-12-23 04:40:03', '2015-12-23 04:40:03');
INSERT INTO `articles` VALUES ('4', 'Exercitationem magnam distinctio ex.', 'Praesentium necessitatibus nostrum qui voluptatibus ducimus. Saepe ex saepe veritatis voluptatibus.\\n\\nMagnam rem eum est est corrupti consequatur. Nisi dignissimos vero et quasi ut officiis sit qui. Eos error in est fuga quibusdam.\\n\\nId modi velit sunt delectus. Nemo non aut molestiae qui voluptas corrupti laborum. Molestias consectetur ullam architecto.\\n\\nConsequatur consectetur deserunt sequi quo. Facilis itaque et non velit explicabo. Quis asperiores qui quia.\\n\\nQuia repellendus qui doloremque reiciendis commodi vitae. Ut enim quae et quae ratione optio. Repellat asperiores sed velit in. Et neque et hic vel error cum possimus aut.', '', '2015-12-10 05:57:29', '2015-12-23 04:40:03', '2015-12-23 04:40:03');
INSERT INTO `articles` VALUES ('5', 'Minus optio sequi vel laborum qui impedit.', 'Alias laboriosam et quibusdam aliquid quisquam facilis et. Iusto corporis sunt nesciunt molestiae doloribus tempora minima expedita. Sint quam provident iure animi non ducimus repudiandae. Laudantium ut voluptate ut.\\n\\nOmnis sint nesciunt sed. Adipisci beatae perspiciatis ab quaerat ab.\\n\\nMolestiae cupiditate incidunt quasi. Dolorum dolores aliquam minus odio aut omnis modi. Fuga officiis voluptatem nemo fuga.\\n\\nOccaecati ipsam nam voluptate amet iusto. Et omnis voluptatum aperiam voluptatibus perferendis facilis. Nihil enim odio maiores asperiores aspernatur qui. Ut sit corrupti deleniti aut. Sit est voluptas dolor earum consequatur facilis.', '', '2015-11-30 11:26:23', '2015-12-23 04:40:04', '2015-12-23 04:40:04');
INSERT INTO `articles` VALUES ('6', 'Fugiat culpa error occaecati optio voluptatem quo itaque reprehenderit.', 'Et reprehenderit harum esse. Et expedita eius incidunt ex quo non. Possimus consequatur id et in eum.\\n\\nQui porro saepe quis temporibus repudiandae. Illo ea aut temporibus eaque error.\\n\\nAtque nam vitae et aut voluptatibus reiciendis ducimus. Eligendi quia suscipit repellendus aliquid dolor consequatur porro.', '', '2015-12-22 17:33:05', '2015-12-23 04:40:04', '2015-12-23 04:40:04');
INSERT INTO `articles` VALUES ('7', 'Alias dolore tempora corrupti tempore ut ad.', 'Assumenda excepturi impedit culpa commodi. Cum voluptatem exercitationem laboriosam consequuntur ea dignissimos id. Enim rerum at ab nihil illum laboriosam ab.\\n\\nPossimus dolores consectetur et asperiores. Alias harum ut iste quis incidunt deserunt mollitia. Qui cupiditate iure et nihil ex commodi. Accusantium molestias ut enim hic minus maiores.\\n\\nDolorum sit neque rerum in rem dolore. Quisquam tempore consequatur et impedit. Eos architecto quae aliquid incidunt. Minus voluptate sint modi necessitatibus ut.\\n\\nDolorem et consectetur reiciendis beatae est labore sed. Culpa delectus nesciunt et placeat fugit voluptates vitae. Nam distinctio amet et aut voluptatum. Blanditiis sit eligendi sed quas a esse.\\n\\nNihil eos nihil dolores occaecati. Quo et aut minus fugiat temporibus officia quo. Non blanditiis ea sit doloribus provident. Nihil magni et voluptas esse qui qui explicabo.', '', '2015-12-23 00:24:46', '2015-12-23 04:40:04', '2015-12-23 04:40:04');
INSERT INTO `articles` VALUES ('8', 'Nostrum molestiae facere.', 'Qui recusandae blanditiis vitae et iure ad quae. Ut accusantium corporis veniam unde. Et qui quas vitae rerum.\\n\\nIncidunt aut deserunt pariatur maiores doloribus. Laboriosam nemo animi ex est dicta exercitationem velit placeat. Provident recusandae sed tenetur voluptas deserunt similique consectetur omnis.\\n\\nAt quia voluptates iste sapiente omnis. Et sunt iure sit velit soluta.\\n\\nPraesentium sint consequatur ducimus at ea. Expedita ducimus reiciendis enim laborum sint nulla. Et quos sapiente praesentium excepturi tempore voluptatum.\\n\\nEum omnis perferendis doloribus et. Nemo consequatur voluptatem sed incidunt commodi ea et. Molestiae enim aut mollitia illum veritatis modi. Et aut expedita nemo neque.\\n\\nIllum laborum quo dolores ratione. Molestiae illo sed enim possimus consequatur adipisci ea.', '', '2015-11-25 00:58:08', '2015-12-23 04:40:04', '2015-12-23 04:40:04');
INSERT INTO `articles` VALUES ('9', 'Omnis adipisci et deserunt nam.', 'Iusto voluptate necessitatibus quidem quia. Voluptate odit explicabo nihil aut voluptatum qui odit et. Ex quos assumenda minima aspernatur voluptas ex. Doloremque itaque ut veniam amet aperiam.\\n\\nSed minus consequatur incidunt quos molestiae sed nihil. Saepe qui ea est quas dolore tenetur praesentium. Est laudantium neque suscipit occaecati molestias.\\n\\nVoluptate fugiat dolorum omnis aliquid. In possimus quibusdam et sed ad beatae. Alias quia consequatur porro autem. Deleniti placeat asperiores ea repudiandae.\\n\\nAliquam vero quia dolores adipisci nihil ea nemo. Eveniet corporis est voluptatibus sed est ab nihil. Qui tempora nostrum quas dolorem aliquid praesentium odit. Qui ratione est ad et. Ut autem sit culpa non rerum.\\n\\nOmnis totam commodi rerum dolores et rerum harum id. Repellat aut sequi earum iure fugiat inventore. Dolores maxime neque quaerat nobis possimus. Consequatur amet reprehenderit expedita unde unde accusamus. Explicabo quod tempora et.', '', '2015-12-06 14:29:56', '2015-12-23 04:40:04', '2015-12-23 04:40:04');
INSERT INTO `articles` VALUES ('10', 'Tenetur voluptatem earum eum quis suscipit pariatur perferendis.', 'Vero doloribus laudantium quo vel omnis possimus et. Debitis ut qui aut similique. Nihil et quas at exercitationem excepturi tenetur. Omnis voluptatibus ea et velit ut. Nesciunt voluptates est qui deserunt rerum aperiam.\\n\\nVoluptate sint deserunt expedita quia sunt. Ea repellat nam est sit numquam magni. Non amet quia aut unde consectetur velit explicabo.\\n\\nEt veritatis nam et totam corrupti autem nobis in. Voluptas officia rerum et iure. Accusantium non autem id aliquam necessitatibus eum consequatur. Et molestias velit omnis harum molestiae dolores ratione.\\n\\nLaudantium magni et tempore praesentium possimus distinctio et. Perferendis ea rerum ipsam.', '', '2015-11-23 05:33:43', '2015-12-23 04:40:04', '2015-12-23 04:40:04');
INSERT INTO `articles` VALUES ('11', 'Sit reiciendis aut quas numquam sed omnis.', 'Sed adipisci eveniet quis reiciendis dolores consequuntur. Dolorem harum aut quia incidunt et sit. Dicta quis inventore quasi optio odio inventore. Labore explicabo deserunt ea asperiores sit.\\n\\nOccaecati aut doloribus culpa vitae tempore natus minima. Molestiae veniam recusandae eligendi odio sunt. Aut qui quia vel laborum.\\n\\nVoluptatem at nihil placeat delectus et laboriosam. Eum ea molestiae recusandae atque. Omnis placeat accusantium id rerum reprehenderit dolore in. Autem vel sed cumque praesentium amet. Recusandae vel odit reiciendis aut enim non ratione.\\n\\nEos omnis culpa et quis suscipit sit. Corporis adipisci exercitationem consequatur consequuntur sed enim. Rerum fugit magnam voluptas dolore sapiente. Adipisci repellat nihil qui repellendus.\\n\\nQuae aut voluptatem voluptates vel pariatur sed. Culpa enim in placeat velit id eum non. Est natus ex aut qui in totam.\\n\\nConsequatur corrupti eos qui laudantium atque. Aut facere ut iste eveniet perspiciatis fugiat quasi. Minima adipisci voluptatem est id blanditiis. Asperiores aut corrupti autem.', '', '2015-12-22 15:11:37', '2015-12-23 04:40:04', '2015-12-23 04:40:04');
INSERT INTO `articles` VALUES ('12', 'Atque neque delectus esse et non ut est deserunt enim.', 'Expedita corporis consectetur et autem temporibus quam. Sint accusamus eum illo blanditiis consequatur nisi. Nihil voluptas eum consequuntur dignissimos laborum maiores. Dolores iste est quod excepturi quia.\\n\\nIn omnis voluptatibus et tempora suscipit. Et ut veritatis non minima deserunt.\\n\\nEt ducimus rerum sunt recusandae. Aut vitae unde corrupti fugiat repellendus a sit. Ut officiis tenetur possimus fugiat nihil aut.\\n\\nVelit in quae sed nesciunt. Ullam ipsa quae vel ullam sint. Excepturi perspiciatis sint blanditiis autem qui doloremque. Ut blanditiis et nisi voluptas.\\n\\nPorro soluta quisquam itaque perferendis enim dolor ipsum ut. Eum in quidem laborum quidem laboriosam. Asperiores illo et neque consequatur asperiores cum.', '', '2015-12-06 16:44:29', '2015-12-23 04:40:04', '2015-12-23 04:40:04');
INSERT INTO `articles` VALUES ('13', 'Enim libero quia doloribus similique dolor quos.', 'Deserunt sed quia qui. Iusto vel praesentium molestiae quas pariatur. Voluptatibus incidunt voluptate in voluptatem.\\n\\nSaepe qui eos in asperiores commodi voluptatum eum. Magnam amet id vel voluptas in voluptatibus eaque animi. In excepturi vitae labore voluptates facilis quas. Eos qui necessitatibus eligendi voluptate. Doloremque quis beatae magni.\\n\\nQuia ea eligendi molestiae consectetur suscipit. Praesentium commodi voluptas enim corrupti magni. Enim quia ea voluptas repudiandae accusamus.', '', '2015-11-26 23:26:51', '2015-12-23 04:40:04', '2015-12-23 04:40:04');
INSERT INTO `articles` VALUES ('14', 'Minima qui accusamus suscipit optio ipsam.', 'Sed ad totam officia molestiae corporis quo. Nihil accusantium repellat aut. Id quasi aut non cum.\\n\\nDebitis qui fuga deserunt. Aut dolores a odit velit dolores fugiat ut optio. Nihil expedita minus rerum in ipsum quo iusto fugit.\\n\\nQuaerat iste in porro odit et quos. Ipsa aut quibusdam facilis perferendis ea facere sunt. Consequatur rerum qui distinctio officiis. Beatae est pariatur sint et eveniet ut.\\n\\nPorro officiis qui maxime repellendus fugit. Dolorum ut illo quia debitis. Mollitia impedit harum et aut. Quod praesentium consectetur praesentium asperiores aut.', '', '2015-12-06 16:28:50', '2015-12-23 04:40:04', '2015-12-23 04:40:04');
INSERT INTO `articles` VALUES ('15', 'Ducimus quia aut beatae est enim et id repudiandae.', 'Quia quae omnis eaque sit in et quod qui. Et dolore officia eum inventore necessitatibus sed tenetur id. Voluptas modi qui at necessitatibus.\\n\\nHarum commodi iste magni vitae impedit sit deserunt voluptas. Expedita ullam autem totam est facere quis. Voluptate iste rerum in asperiores dignissimos odit nihil. Facere officia quam nihil iure quibusdam natus earum.\\n\\nSit omnis non excepturi velit est corporis. Unde sapiente ad enim eligendi illum earum nisi. Ipsum nemo vitae et qui. Ea laborum est sunt cum. Earum non eligendi eveniet facilis.\\n\\nOmnis eaque eveniet laboriosam qui dolores reiciendis excepturi. Et nesciunt quas quas ut aut et et. Aut consequatur quis laudantium deleniti harum optio voluptate.\\n\\nQuam ea non et id. Iusto beatae et quia veniam velit optio. Sequi culpa alias et sed qui voluptas illum.', '', '2015-12-18 17:11:21', '2015-12-23 04:40:04', '2015-12-23 04:40:04');
INSERT INTO `articles` VALUES ('16', 'Exercitationem unde sequi molestias perspiciatis in.', 'Nam illo sed dolorem. Ipsam sint voluptatibus quas soluta quaerat enim voluptatem.\\n\\nVelit quis et repellat. Velit corporis accusantium asperiores at enim ut sed. Aliquid dolore nihil eveniet ex. Id veritatis et molestiae deleniti.\\n\\nVoluptas ut id aut et. Et ducimus qui nisi et iusto. Et dolor harum molestiae possimus non. Quis distinctio ea molestias ut blanditiis. Nostrum eos nostrum eveniet labore sapiente provident.\\n\\nVoluptas assumenda qui numquam provident. Ut nisi non soluta ut ipsam nihil sit. Aut dolorum autem sit unde dolor incidunt. Provident ipsam autem delectus cumque minima cumque alias voluptas.\\n\\nCorporis ad non qui. Aut labore quae aperiam. Error voluptatem occaecati molestiae laborum odio voluptatem.\\n\\nQuisquam ad impedit dolor alias molestiae voluptate. Alias consequatur rem ut molestias recusandae quos in. Culpa omnis repellendus neque tempora consequuntur et. Molestiae recusandae architecto odio minima sit.', '', '2015-12-07 03:19:41', '2015-12-23 04:40:04', '2015-12-23 04:40:04');
INSERT INTO `articles` VALUES ('17', 'Cumque quia tempora ut dolorem quae.', 'Ex molestias soluta optio totam eius. Aliquid non veniam distinctio neque qui ea. Nostrum beatae et nam consequuntur sed pariatur et nostrum. Enim temporibus qui expedita perferendis necessitatibus veritatis vel.\\n\\nArchitecto qui corrupti quasi officia omnis. Molestiae facilis iusto dolorum quae asperiores quibusdam.\\n\\nEst alias voluptatem qui illum quis. Dolore rerum est magnam aut. Ipsum adipisci eveniet voluptatibus esse molestiae sunt. Enim minima voluptate vero quod eos voluptates.\\n\\nNihil sit molestiae reiciendis nesciunt est omnis et. Debitis voluptatibus esse commodi aut delectus.', '', '2015-12-23 02:09:01', '2015-12-23 04:40:04', '2015-12-23 04:40:04');
INSERT INTO `articles` VALUES ('18', 'Pariatur placeat exercitationem quasi dolorum animi.', 'Dolores amet et corporis totam sunt nam expedita qui. Dolorem quam enim ratione est sunt. Ex est ipsa rerum ducimus doloremque at nam blanditiis.\\n\\nEnim non asperiores cum et eum quo. Eos neque non expedita odio quia est quas. Architecto quidem nostrum non tempore dolorem expedita rem optio. Rerum libero quia est et quo. Est ea voluptas voluptatibus ea eveniet.\\n\\nQuo ipsum eos velit exercitationem veniam. Totam placeat ut voluptatem debitis sit necessitatibus sit. Debitis facilis et assumenda qui qui id. Architecto architecto aut unde qui dolorem voluptate.\\n\\nEnim quam voluptatibus ut nesciunt provident neque esse. Qui aperiam corporis quaerat error aut aspernatur voluptatem suscipit. Necessitatibus labore aut officiis qui et rerum rem accusamus. Consequatur est dolorem ullam cum.\\n\\nFugiat libero fugit aliquid sed nisi voluptas tempore. Consequatur neque ad est quo repellendus velit. Quisquam nulla iure sequi aut in labore quaerat expedita. Ea nesciunt repellendus et.\\n\\nEt sed voluptatem amet iusto. Molestiae omnis voluptates itaque nisi aliquid ut ullam. Nisi impedit aut ratione harum. Corrupti sapiente esse nam exercitationem voluptatibus aut.', '', '2015-12-11 03:41:28', '2015-12-23 04:40:04', '2015-12-23 04:40:04');
INSERT INTO `articles` VALUES ('19', 'Dignissimos suscipit numquam expedita voluptates illum commodi.', 'Incidunt aut sed vel voluptatem qui voluptate harum ut. Repellendus provident aspernatur hic sed aspernatur qui. Laboriosam adipisci a explicabo error esse hic dignissimos dolores.\\n\\nSint minima maxime dicta doloribus animi. Sint tempore officiis temporibus nostrum similique omnis est. Ullam in voluptatem ipsum id molestiae impedit perspiciatis.\\n\\nVoluptates vitae magni natus itaque. Enim quae quasi quis aliquam excepturi ut exercitationem. Qui est adipisci doloremque et.\\n\\nEum nostrum occaecati sed reprehenderit molestias eveniet amet. Doloribus quis qui non dolorum laborum in. Et molestiae molestiae nesciunt voluptas tempora vitae aut.', '', '2015-12-02 23:55:11', '2015-12-23 04:40:04', '2015-12-23 04:40:04');
INSERT INTO `articles` VALUES ('20', 'Et excepturi ut quis necessitatibus sed temporibus id deleniti enim.', 'Molestiae reiciendis sequi at quis quod. Voluptatibus et ut odio dignissimos. Natus soluta quasi pariatur voluptatum aut.\\n\\nQui quia impedit ex ratione nemo beatae. Quod in perspiciatis nobis temporibus sed enim. Sint earum minus nobis aliquid.\\n\\nRepellat nostrum quas iusto enim ducimus eaque. Atque quidem aut itaque est hic. Suscipit fugit accusamus repellat a similique perspiciatis inventore. Pariatur libero doloribus consectetur voluptatem vel officia fugit.', '', '2015-12-07 22:27:10', '2015-12-23 04:40:04', '2015-12-23 04:40:04');
INSERT INTO `migrations` VALUES ('2014_10_12_000000_create_users_table', '1');
INSERT INTO `migrations` VALUES ('2014_10_12_100000_create_password_resets_table', '1');
INSERT INTO `migrations` VALUES ('2015_11_26_011106_create_articles_table', '1');
INSERT INTO `migrations` VALUES ('2015_12_08_011600_create_projects_table', '1');
INSERT INTO `migrations` VALUES ('2015_12_08_011641_create_tasks_table', '1');
INSERT INTO `migrations` VALUES ('2015_12_08_011700_create_mails_table', '1');
INSERT INTO `migrations` VALUES ('2015_12_08_024242_create_user_project_table', '1');
INSERT INTO `migrations` VALUES ('2015_12_08_024313_create_user_task_table', '1');
INSERT INTO `migrations` VALUES ('2015_12_11_061303_add_portrait_column_to_user', '1');
INSERT INTO `migrations` VALUES ('2015_12_22_055745_create_tags_table', '2');
INSERT INTO `migrations` VALUES ('2015_12_22_063441_create_post_tag_pivot', '2');
INSERT INTO `migrations` VALUES ('2015_12_23_042430_create_posts_table', '3');
INSERT INTO `migrations` VALUES ('2015_12_23_120055_restructure_posts_table', '4');
INSERT INTO `post_tag_pivot` VALUES ('1', '1', '4');
INSERT INTO `post_tag_pivot` VALUES ('2', '1', '1');
INSERT INTO `post_tag_pivot` VALUES ('3', '2', '2');
INSERT INTO `post_tag_pivot` VALUES ('4', '3', '3');
INSERT INTO `post_tag_pivot` VALUES ('5', '4', '4');
INSERT INTO `post_tag_pivot` VALUES ('6', '6', '3');
INSERT INTO `post_tag_pivot` VALUES ('7', '7', '3');
INSERT INTO `post_tag_pivot` VALUES ('8', '9', '1');
INSERT INTO `post_tag_pivot` VALUES ('9', '10', '5');
INSERT INTO `post_tag_pivot` VALUES ('10', '10', '1');
INSERT INTO `post_tag_pivot` VALUES ('11', '11', '2');
INSERT INTO `post_tag_pivot` VALUES ('12', '11', '4');
INSERT INTO `post_tag_pivot` VALUES ('13', '12', '5');
INSERT INTO `post_tag_pivot` VALUES ('14', '12', '4');
INSERT INTO `post_tag_pivot` VALUES ('15', '13', '5');
INSERT INTO `post_tag_pivot` VALUES ('16', '14', '3');
INSERT INTO `post_tag_pivot` VALUES ('17', '14', '1');
INSERT INTO `post_tag_pivot` VALUES ('18', '16', '3');
INSERT INTO `post_tag_pivot` VALUES ('19', '17', '1');
INSERT INTO `post_tag_pivot` VALUES ('20', '19', '3');
INSERT INTO `post_tag_pivot` VALUES ('21', '19', '4');
INSERT INTO `post_tag_pivot` VALUES ('22', '20', '2');
INSERT INTO `post_tag_pivot` VALUES ('23', '20', '3');
INSERT INTO `posts` VALUES ('1', 'ut-vitae-qui-enim-laborum-tempore-ipsum-enim-maiores-neque-quae-at-in-illum', 'Ut vitae qui enim laborum tempore ipsum enim maiores neque quae at in illum.', 'Beatae impedit totam libero minima illo aliquam.', 'Dicta quo sint in non laborum deserunt animi. Est laborum delectus itaque.\n\nMollitia vero exercitationem et perspiciatis nobis rerum. Rerum rerum rerum consequuntur non suscipit. Officia ullam similique ut ea.\n\nReiciendis in modi perspiciatis tempora commodi. Sit quo dolor harum amet nisi. Id enim eos consequatur a quis quibusdam. Nihil est et vitae et dicta vel dicta labore.', '<p>Dicta quo sint in non laborum deserunt animi. Est laborum delectus itaque.</p>\n\n<p>Mollitia vero exercitationem et perspiciatis nobis rerum. Rerum rerum rerum consequuntur non suscipit. Officia ullam similique ut ea.</p>\n\n<p>Reiciendis in modi perspiciatis tempora commodi. Sit quo dolor harum amet nisi. Id enim eos consequatur a quis quibusdam. Nihil est et vitae et dicta vel dicta labore.</p>\n', 'post-bg.jpg', 'Meta for Ut vitae qui enim laborum tempore ipsum enim maiores neque quae at in illum.', '0', 'blog.layouts.post', '2015-12-25 16:31:14', '2015-12-25 16:31:14', '2015-12-26 16:39:50');
INSERT INTO `posts` VALUES ('2', 'et-quam-eveniet-magnam-incidunt-earum-et-laudantium-harum', 'Et quam eveniet magnam incidunt earum et laudantium harum.', 'Deleniti consequuntur enim sunt similique error dolores architecto natus optio maiores adipisci pariatur ex sed non accusantium.', 'Sit ad ea et. Modi nulla non quo nam cupiditate eligendi. Tempora in reiciendis provident in aliquam dolor. Facere non possimus qui cupiditate nobis maiores ut.\n\nVoluptas sit blanditiis vel necessitatibus vitae exercitationem. Incidunt modi iure quasi reiciendis laborum ab. Dolores provident corporis cumque voluptatem a quam dignissimos. Error beatae voluptatum quisquam consectetur incidunt dolorum debitis.\n\nCumque odio minima vel error. Dolores sed earum asperiores quia quam quo. Totam dolorem doloremque quia cum a.\n\nQuos enim qui animi necessitatibus illum aperiam facilis. Exercitationem nam tempore soluta maxime qui. Non mollitia culpa ut maiores voluptatem saepe qui.\n\nVoluptas ratione omnis blanditiis numquam. Occaecati earum eligendi nesciunt in. Magni corrupti et aspernatur voluptas mollitia. Nulla et corporis esse rerum dolor.', '<p>Sit ad ea et. Modi nulla non quo nam cupiditate eligendi. Tempora in reiciendis provident in aliquam dolor. Facere non possimus qui cupiditate nobis maiores ut.</p>\n\n<p>Voluptas sit blanditiis vel necessitatibus vitae exercitationem. Incidunt modi iure quasi reiciendis laborum ab. Dolores provident corporis cumque voluptatem a quam dignissimos. Error beatae voluptatum quisquam consectetur incidunt dolorum debitis.</p>\n\n<p>Cumque odio minima vel error. Dolores sed earum asperiores quia quam quo. Totam dolorem doloremque quia cum a.</p>\n\n<p>Quos enim qui animi necessitatibus illum aperiam facilis. Exercitationem nam tempore soluta maxime qui. Non mollitia culpa ut maiores voluptatem saepe qui.</p>\n\n<p>Voluptas ratione omnis blanditiis numquam. Occaecati earum eligendi nesciunt in. Magni corrupti et aspernatur voluptas mollitia. Nulla et corporis esse rerum dolor.</p>\n', 'contact-bg.jpg', 'Meta for Et quam eveniet magnam incidunt earum et laudantium harum.', '0', 'blog.layouts.post', '2015-12-25 16:31:14', '2015-12-25 16:31:14', '2015-12-04 00:15:50');
INSERT INTO `posts` VALUES ('3', 'provident-est-fuga-eos-harum-sunt-quasi-possimus-inventore-exercitationem-et-perferendis-occaecati', 'Provident est fuga eos harum sunt quasi possimus inventore exercitationem et perferendis occaecati.', 'Alias est aliquid culpa laudantium non iste esse voluptates est provident delectus.', 'Qui sed aut totam. Non rerum voluptatem cupiditate cum aut. Et incidunt accusantium cum aut earum est. Voluptatum sint expedita dolor cupiditate vel voluptatem perferendis blanditiis.\n\nQui nulla quos et consequatur laboriosam alias. Alias velit quisquam eveniet molestias quia quos quasi. Et autem maxime blanditiis placeat distinctio illo ad.\n\nEum reprehenderit et impedit ducimus voluptatibus libero. Dolores minima dignissimos est et vel. Blanditiis laboriosam animi nesciunt incidunt cumque facere repudiandae. Eos nesciunt illum libero magni consequuntur.\n\nAut et ratione accusamus sunt. Nisi molestiae porro minima unde. Qui dicta et deserunt sunt temporibus nesciunt esse nihil. Quis expedita id aut voluptates aut consequatur.', '<p>Qui sed aut totam. Non rerum voluptatem cupiditate cum aut. Et incidunt accusantium cum aut earum est. Voluptatum sint expedita dolor cupiditate vel voluptatem perferendis blanditiis.</p>\n\n<p>Qui nulla quos et consequatur laboriosam alias. Alias velit quisquam eveniet molestias quia quos quasi. Et autem maxime blanditiis placeat distinctio illo ad.</p>\n\n<p>Eum reprehenderit et impedit ducimus voluptatibus libero. Dolores minima dignissimos est et vel. Blanditiis laboriosam animi nesciunt incidunt cumque facere repudiandae. Eos nesciunt illum libero magni consequuntur.</p>\n\n<p>Aut et ratione accusamus sunt. Nisi molestiae porro minima unde. Qui dicta et deserunt sunt temporibus nesciunt esse nihil. Quis expedita id aut voluptates aut consequatur.</p>\n', 'post-bg.jpg', 'Meta for Provident est fuga eos harum sunt quasi possimus inventore exercitationem et perferendis occaecati.', '0', 'blog.layouts.post', '2015-12-25 16:31:15', '2015-12-25 16:31:15', '2015-11-26 10:57:52');
INSERT INTO `posts` VALUES ('4', 'laudantium-impedit-ut-itaque-molestias-adipisci-voluptas-dolor', 'Laudantium impedit ut itaque molestias adipisci voluptas dolor.', 'Ut quas sit cumque labore quia cum commodi maiores corporis quod.', 'Repudiandae aut eveniet sequi ut itaque saepe. Voluptatibus repudiandae odit rem sapiente. Fugit recusandae vel qui consequuntur ut esse iusto.\n\nAutem aut tempora ex. Aut sint odit nisi molestias aliquid in rerum. Sed ut vel et.\n\nMaxime in quis optio velit dolores. Enim eligendi voluptas cumque voluptatum quia.\n\nSequi velit iure aut error commodi fugit. Deserunt ut enim doloribus qui odio. Molestiae error aut in quis qui eaque asperiores occaecati. Vero nihil ut tempore distinctio molestiae ullam.\n\nDucimus ut illum accusamus doloremque rerum qui voluptatibus. Sit mollitia sint voluptates dolorem dolorum esse. Libero sapiente et maxime id.', '<p>Repudiandae aut eveniet sequi ut itaque saepe. Voluptatibus repudiandae odit rem sapiente. Fugit recusandae vel qui consequuntur ut esse iusto.</p>\n\n<p>Autem aut tempora ex. Aut sint odit nisi molestias aliquid in rerum. Sed ut vel et.</p>\n\n<p>Maxime in quis optio velit dolores. Enim eligendi voluptas cumque voluptatum quia.</p>\n\n<p>Sequi velit iure aut error commodi fugit. Deserunt ut enim doloribus qui odio. Molestiae error aut in quis qui eaque asperiores occaecati. Vero nihil ut tempore distinctio molestiae ullam.</p>\n\n<p>Ducimus ut illum accusamus doloremque rerum qui voluptatibus. Sit mollitia sint voluptates dolorem dolorum esse. Libero sapiente et maxime id.</p>\n', 'about-bg.jpg', 'Meta for Laudantium impedit ut itaque molestias adipisci voluptas dolor.', '0', 'blog.layouts.post', '2015-12-25 16:31:15', '2015-12-25 16:31:15', '2015-11-29 15:27:19');
INSERT INTO `posts` VALUES ('5', 'exercitationem-aliquid-et-enim-at-ab', 'Exercitationem aliquid et enim at ab.', 'Debitis optio illum vel dolores possimus sed minima et harum ab quos est commodi neque optio et.', 'Eum et accusantium et aliquid et rerum perspiciatis. At ipsam commodi odio quia dicta vel. Quia at possimus reiciendis et officia. Rerum quis eos et culpa modi quo et.\n\nQuis sequi culpa voluptatum minus commodi tenetur excepturi. Sint eaque qui molestias quos occaecati deserunt asperiores. Voluptatem voluptate ut et ut non et. Officiis ut beatae qui impedit aut numquam aut.\n\nSunt enim fugit vel rem ut numquam sed. Ipsa qui labore est sit voluptatum non. Aliquid quam qui architecto odio. Quis quae est dicta ut quas ab.', '<p>Eum et accusantium et aliquid et rerum perspiciatis. At ipsam commodi odio quia dicta vel. Quia at possimus reiciendis et officia. Rerum quis eos et culpa modi quo et.</p>\n\n<p>Quis sequi culpa voluptatum minus commodi tenetur excepturi. Sint eaque qui molestias quos occaecati deserunt asperiores. Voluptatem voluptate ut et ut non et. Officiis ut beatae qui impedit aut numquam aut.</p>\n\n<p>Sunt enim fugit vel rem ut numquam sed. Ipsa qui labore est sit voluptatum non. Aliquid quam qui architecto odio. Quis quae est dicta ut quas ab.</p>\n', 'about-bg.jpg', 'Meta for Exercitationem aliquid et enim at ab.', '0', 'blog.layouts.post', '2015-12-25 16:31:15', '2015-12-25 16:31:15', '2015-12-21 07:41:08');
INSERT INTO `posts` VALUES ('6', 'porro-ratione-labore-fugiat-cum-aut-vitae-iusto-consequatur-ut', 'Porro ratione labore fugiat cum aut vitae iusto consequatur ut.', 'Rerum et eius labore ut voluptas et distinctio id non officiis nisi voluptatem maiores.', 'Repellendus dolorem animi ullam accusantium necessitatibus quod ut a. Qui perspiciatis modi quis exercitationem. Dignissimos nihil modi autem sit.\n\nAut mollitia corrupti at nemo temporibus illum vel. In ut omnis eum voluptate quae voluptate doloribus. Qui officia dolores sunt culpa aut. Illo earum dolores qui sed.\n\nIllo non reiciendis fugit. Nihil asperiores asperiores et quibusdam. Adipisci aliquam perspiciatis maxime temporibus mollitia quod nihil.\n\nEt et natus assumenda eum eaque ea laudantium. Harum eligendi molestiae ullam excepturi aut sed repudiandae amet.', '<p>Repellendus dolorem animi ullam accusantium necessitatibus quod ut a. Qui perspiciatis modi quis exercitationem. Dignissimos nihil modi autem sit.</p>\n\n<p>Aut mollitia corrupti at nemo temporibus illum vel. In ut omnis eum voluptate quae voluptate doloribus. Qui officia dolores sunt culpa aut. Illo earum dolores qui sed.</p>\n\n<p>Illo non reiciendis fugit. Nihil asperiores asperiores et quibusdam. Adipisci aliquam perspiciatis maxime temporibus mollitia quod nihil.</p>\n\n<p>Et et natus assumenda eum eaque ea laudantium. Harum eligendi molestiae ullam excepturi aut sed repudiandae amet.</p>\n', 'post-bg.jpg', 'Meta for Porro ratione labore fugiat cum aut vitae iusto consequatur ut.', '0', 'blog.layouts.post', '2015-12-25 16:31:15', '2015-12-25 16:31:15', '2015-12-18 05:23:54');
INSERT INTO `posts` VALUES ('7', 'sequi-qui-magni-porro-repellat-placeat-enim-omnis-id-in-rerum-aut', 'Sequi qui magni porro repellat placeat enim omnis id in rerum aut.', 'Voluptatem facere consequuntur aut eos quas labore amet dolorem et numquam consectetur.', 'Minus ea sed nesciunt. Minus pariatur et illum libero voluptate sunt. At assumenda itaque enim quam sit. Corporis rerum voluptatum officiis et et nostrum voluptatem.\n\nPariatur vel esse dolore magnam corrupti debitis et et. Dolor libero minus soluta nobis et eius quisquam. Qui perspiciatis voluptatem numquam ratione ratione aut. Aut fugiat qui quam.\n\nPariatur recusandae placeat suscipit iste quos aliquid. Laboriosam ut fugiat laborum eaque. Distinctio illo magni ut iste autem odio ut.\n\nUt vel enim sint eum aut. Pariatur ex maiores quos et neque.\n\nEarum nam quia praesentium facilis rerum accusamus. Accusantium pariatur nihil quis ea aut beatae incidunt.', '<p>Minus ea sed nesciunt. Minus pariatur et illum libero voluptate sunt. At assumenda itaque enim quam sit. Corporis rerum voluptatum officiis et et nostrum voluptatem.</p>\n\n<p>Pariatur vel esse dolore magnam corrupti debitis et et. Dolor libero minus soluta nobis et eius quisquam. Qui perspiciatis voluptatem numquam ratione ratione aut. Aut fugiat qui quam.</p>\n\n<p>Pariatur recusandae placeat suscipit iste quos aliquid. Laboriosam ut fugiat laborum eaque. Distinctio illo magni ut iste autem odio ut.</p>\n\n<p>Ut vel enim sint eum aut. Pariatur ex maiores quos et neque.</p>\n\n<p>Earum nam quia praesentium facilis rerum accusamus. Accusantium pariatur nihil quis ea aut beatae incidunt.</p>\n', 'about-bg.jpg', 'Meta for Sequi qui magni porro repellat placeat enim omnis id in rerum aut.', '0', 'blog.layouts.post', '2015-12-25 16:31:15', '2015-12-25 16:31:15', '2015-12-05 13:43:32');
INSERT INTO `posts` VALUES ('8', 'qui-cum-at-autem-enim-porro-ea', 'Qui cum at autem enim porro ea.', 'Qui neque quos adipisci amet eligendi ut iure laudantium illum at.', 'Corporis qui odio soluta reprehenderit deserunt. Nesciunt architecto veniam nostrum porro fuga. Repudiandae corrupti sed hic assumenda aut iusto.\n\nHic vel corporis eos dolore. Minima aliquid esse culpa amet. Non consequuntur quas pariatur quasi. Quaerat ipsam ut aut dolor exercitationem quia maiores.\n\nEaque excepturi labore ipsum sapiente qui ut assumenda. Sunt et et voluptatum et ratione debitis doloribus. Consectetur eius aut praesentium fugit fugit alias velit.\n\nIncidunt aut tempore enim fuga. Similique vel illo et. Cupiditate cum nihil occaecati et tempora qui. Eos unde eum exercitationem libero sapiente.\n\nAutem suscipit omnis facilis. Ipsam eum est voluptatem debitis laborum.\n\nSoluta aperiam hic molestiae est qui. Sapiente aut exercitationem autem consequatur iste laborum. Adipisci ratione sed voluptatem quia molestiae. Id possimus omnis et magnam ut dolores earum. Commodi qui explicabo temporibus non velit.', '<p>Corporis qui odio soluta reprehenderit deserunt. Nesciunt architecto veniam nostrum porro fuga. Repudiandae corrupti sed hic assumenda aut iusto.</p>\n\n<p>Hic vel corporis eos dolore. Minima aliquid esse culpa amet. Non consequuntur quas pariatur quasi. Quaerat ipsam ut aut dolor exercitationem quia maiores.</p>\n\n<p>Eaque excepturi labore ipsum sapiente qui ut assumenda. Sunt et et voluptatum et ratione debitis doloribus. Consectetur eius aut praesentium fugit fugit alias velit.</p>\n\n<p>Incidunt aut tempore enim fuga. Similique vel illo et. Cupiditate cum nihil occaecati et tempora qui. Eos unde eum exercitationem libero sapiente.</p>\n\n<p>Autem suscipit omnis facilis. Ipsam eum est voluptatem debitis laborum.</p>\n\n<p>Soluta aperiam hic molestiae est qui. Sapiente aut exercitationem autem consequatur iste laborum. Adipisci ratione sed voluptatem quia molestiae. Id possimus omnis et magnam ut dolores earum. Commodi qui explicabo temporibus non velit.</p>\n', 'post-bg.jpg', 'Meta for Qui cum at autem enim porro ea.', '0', 'blog.layouts.post', '2015-12-25 16:31:15', '2015-12-25 16:31:15', '2015-11-26 09:50:42');
INSERT INTO `posts` VALUES ('9', 'maxime-ullam-dignissimos-rerum-aut', 'Maxime ullam dignissimos rerum aut.', 'Est aut fugiat beatae temporibus veritatis consequatur adipisci doloribus repudiandae iste nemo corporis expedita sit.', 'Repellendus officia ab voluptate. Perspiciatis a est vel reiciendis voluptatem tenetur. Autem dolores enim exercitationem non quia illo quisquam. Repellendus incidunt omnis cumque assumenda atque nisi.\n\nAssumenda et ut non beatae consectetur est repellat. Deserunt sequi non et voluptatum voluptate voluptatibus assumenda. Quibusdam ad consequatur qui aliquid aut. Dolorum occaecati voluptas aliquid quibusdam a aliquam et.\n\nEt aut voluptatem praesentium architecto optio. Voluptas perferendis delectus eius mollitia rerum. Pariatur sunt recusandae facilis consequatur mollitia et sed. Molestiae nobis praesentium est minus reprehenderit inventore omnis.\n\nSaepe repudiandae unde tempore et. Ut beatae temporibus qui tenetur repellendus quod voluptatibus. Incidunt corporis architecto et sit.\n\nConsequatur numquam autem dolores rem et et enim. Nihil nihil et est. Possimus eos sit omnis eius.', '<p>Repellendus officia ab voluptate. Perspiciatis a est vel reiciendis voluptatem tenetur. Autem dolores enim exercitationem non quia illo quisquam. Repellendus incidunt omnis cumque assumenda atque nisi.</p>\n\n<p>Assumenda et ut non beatae consectetur est repellat. Deserunt sequi non et voluptatum voluptate voluptatibus assumenda. Quibusdam ad consequatur qui aliquid aut. Dolorum occaecati voluptas aliquid quibusdam a aliquam et.</p>\n\n<p>Et aut voluptatem praesentium architecto optio. Voluptas perferendis delectus eius mollitia rerum. Pariatur sunt recusandae facilis consequatur mollitia et sed. Molestiae nobis praesentium est minus reprehenderit inventore omnis.</p>\n\n<p>Saepe repudiandae unde tempore et. Ut beatae temporibus qui tenetur repellendus quod voluptatibus. Incidunt corporis architecto et sit.</p>\n\n<p>Consequatur numquam autem dolores rem et et enim. Nihil nihil et est. Possimus eos sit omnis eius.</p>\n', 'home-bg.jpg', 'Meta for Maxime ullam dignissimos rerum aut.', '0', 'blog.layouts.post', '2015-12-25 16:31:15', '2015-12-25 16:31:15', '2015-12-12 07:01:11');
INSERT INTO `posts` VALUES ('10', 'rerum-provident-occaecati-et-saepe', 'Rerum provident occaecati et saepe.', 'Illum perferendis qui saepe soluta rerum illum eius maiores voluptas vel qui sequi qui excepturi.', 'Mollitia non dicta ut dolores. Laboriosam qui sunt doloremque architecto eveniet a quisquam. Esse asperiores aut dolorem.\n\nOptio qui quia sunt. Laborum adipisci rerum molestias dolores ad dolor.\n\nLaboriosam laboriosam et aliquam dolorem. Sit sunt aut provident debitis. Soluta numquam quia dicta ea autem consectetur illum.\n\nProvident id in ab ab ut quia aut. Numquam nobis omnis rerum quia cum atque harum eaque. Consequuntur voluptatum sint quia et. Sunt accusantium quaerat omnis sint ipsa. Nam et enim officiis ipsam et.\n\nEst quidem illo blanditiis et qui et sit. Error quas ducimus rem omnis illo doloremque. Sint magnam ipsam velit rerum quia.\n\nDolore dolorem et magni est. Quam molestias dolor dolor blanditiis neque voluptatibus vitae. Eum sunt molestias fuga deleniti soluta ea non.', '<p>Mollitia non dicta ut dolores. Laboriosam qui sunt doloremque architecto eveniet a quisquam. Esse asperiores aut dolorem.</p>\n\n<p>Optio qui quia sunt. Laborum adipisci rerum molestias dolores ad dolor.</p>\n\n<p>Laboriosam laboriosam et aliquam dolorem. Sit sunt aut provident debitis. Soluta numquam quia dicta ea autem consectetur illum.</p>\n\n<p>Provident id in ab ab ut quia aut. Numquam nobis omnis rerum quia cum atque harum eaque. Consequuntur voluptatum sint quia et. Sunt accusantium quaerat omnis sint ipsa. Nam et enim officiis ipsam et.</p>\n\n<p>Est quidem illo blanditiis et qui et sit. Error quas ducimus rem omnis illo doloremque. Sint magnam ipsam velit rerum quia.</p>\n\n<p>Dolore dolorem et magni est. Quam molestias dolor dolor blanditiis neque voluptatibus vitae. Eum sunt molestias fuga deleniti soluta ea non.</p>\n', 'contact-bg.jpg', 'Meta for Rerum provident occaecati et saepe.', '0', 'blog.layouts.post', '2015-12-25 16:31:15', '2015-12-25 16:31:15', '2015-12-15 16:09:01');
INSERT INTO `posts` VALUES ('11', 'eos-et-quia-et-sunt-quia-ea-voluptatem-ipsa-accusamus-dolor-magni', 'Eos et quia et sunt quia ea voluptatem ipsa accusamus dolor magni.', 'Dolorem at quidem dolorum natus est nesciunt consequatur doloribus totam quaerat illo et aspernatur vitae ut non voluptatem necessitatibus autem quaerat dolorem ut odio.', 'Modi asperiores cumque et earum. Minima ut ex consequatur quaerat. Et est non reprehenderit inventore vero quia eaque.\n\nDicta enim distinctio suscipit placeat error distinctio. Deserunt consequuntur ratione cum. Voluptatem voluptatem facilis molestiae a excepturi.\n\nQui atque quod eligendi occaecati et inventore quaerat. Quaerat et repudiandae magnam nulla exercitationem.\n\nOccaecati voluptatum corporis incidunt incidunt cum nisi vitae. Debitis quasi aut consequatur nobis non maiores. Consequatur rerum consequatur necessitatibus amet dolorum non.\n\nNon ullam voluptatem eius id laboriosam vitae ducimus. Velit et explicabo sint sed in voluptatem. Perferendis sint blanditiis assumenda eligendi consequatur quasi. Sapiente quas amet impedit culpa quo aut nihil et.', '<p>Modi asperiores cumque et earum. Minima ut ex consequatur quaerat. Et est non reprehenderit inventore vero quia eaque.</p>\n\n<p>Dicta enim distinctio suscipit placeat error distinctio. Deserunt consequuntur ratione cum. Voluptatem voluptatem facilis molestiae a excepturi.</p>\n\n<p>Qui atque quod eligendi occaecati et inventore quaerat. Quaerat et repudiandae magnam nulla exercitationem.</p>\n\n<p>Occaecati voluptatum corporis incidunt incidunt cum nisi vitae. Debitis quasi aut consequatur nobis non maiores. Consequatur rerum consequatur necessitatibus amet dolorum non.</p>\n\n<p>Non ullam voluptatem eius id laboriosam vitae ducimus. Velit et explicabo sint sed in voluptatem. Perferendis sint blanditiis assumenda eligendi consequatur quasi. Sapiente quas amet impedit culpa quo aut nihil et.</p>\n', 'post-bg.jpg', 'Meta for Eos et quia et sunt quia ea voluptatem ipsa accusamus dolor magni.', '0', 'blog.layouts.post', '2015-12-25 16:31:15', '2015-12-25 16:31:15', '2015-12-13 22:47:11');
INSERT INTO `posts` VALUES ('12', 'dignissimos-fugit-sint-sapiente', 'Dignissimos fugit sint sapiente.', 'Aut omnis voluptatem dolorum quas cumque consectetur minima sint ducimus beatae rerum sint.', 'Sit necessitatibus ipsam ratione consequatur laborum. A praesentium ducimus aut et. Qui quo autem nobis ipsum excepturi.\n\nImpedit eaque cum tenetur non reiciendis quo. Ad quo praesentium dolores similique nemo dolor. Deleniti quam voluptatem ea dolores rem praesentium.\n\nConsequatur molestias eius assumenda recusandae adipisci voluptas maiores. Quibusdam doloremque eos commodi architecto iusto. Earum debitis aut id cum doloremque qui provident.\n\nLaudantium quasi laborum optio explicabo deserunt molestias. Voluptas et aut est est. Quae voluptatibus excepturi dolore enim ut quod omnis. Expedita atque explicabo molestiae.\n\nConsectetur ipsam est et quasi. Quis qui molestiae est a delectus et veniam repellendus. Deleniti eum enim commodi incidunt.\n\nNobis eos ducimus perspiciatis id. Totam beatae eum ut veniam. Libero quas accusamus nobis quam qui.', '<p>Sit necessitatibus ipsam ratione consequatur laborum. A praesentium ducimus aut et. Qui quo autem nobis ipsum excepturi.</p>\n\n<p>Impedit eaque cum tenetur non reiciendis quo. Ad quo praesentium dolores similique nemo dolor. Deleniti quam voluptatem ea dolores rem praesentium.</p>\n\n<p>Consequatur molestias eius assumenda recusandae adipisci voluptas maiores. Quibusdam doloremque eos commodi architecto iusto. Earum debitis aut id cum doloremque qui provident.</p>\n\n<p>Laudantium quasi laborum optio explicabo deserunt molestias. Voluptas et aut est est. Quae voluptatibus excepturi dolore enim ut quod omnis. Expedita atque explicabo molestiae.</p>\n\n<p>Consectetur ipsam est et quasi. Quis qui molestiae est a delectus et veniam repellendus. Deleniti eum enim commodi incidunt.</p>\n\n<p>Nobis eos ducimus perspiciatis id. Totam beatae eum ut veniam. Libero quas accusamus nobis quam qui.</p>\n', 'home-bg.jpg', 'Meta for Dignissimos fugit sint sapiente.', '0', 'blog.layouts.post', '2015-12-25 16:31:15', '2015-12-25 16:31:15', '2015-12-18 00:34:13');
INSERT INTO `posts` VALUES ('13', 'ea-a-est-est-omnis-neque-hic', 'Ea a est est omnis neque hic.', 'Praesentium et accusamus earum autem numquam corporis pariatur pariatur reprehenderit quo sed enim sed ipsum.', 'Rerum voluptatum sequi autem natus enim sint laudantium. Impedit aut iste id doloribus. Enim voluptas voluptas saepe beatae beatae. Repudiandae voluptas ipsum sit perferendis voluptatibus non dolores.\n\nNeque enim voluptas excepturi ea. Enim architecto alias voluptates eum officia. Et occaecati asperiores quia accusamus exercitationem. Aliquam sequi excepturi iusto dolore quam tenetur asperiores quam.\n\nId harum qui molestias qui voluptatibus earum. Eligendi vel omnis placeat ut. Iste et assumenda placeat ullam laborum dolore eos consequatur. Sit reprehenderit quam libero sit harum voluptas et.\n\nPlaceat illum qui nostrum non vel et. Modi impedit quos eum rerum dolor voluptatum ex.\n\nAlias exercitationem velit quod molestias. Delectus enim dicta vel quo et. Magni quibusdam iure molestiae.', '<p>Rerum voluptatum sequi autem natus enim sint laudantium. Impedit aut iste id doloribus. Enim voluptas voluptas saepe beatae beatae. Repudiandae voluptas ipsum sit perferendis voluptatibus non dolores.</p>\n\n<p>Neque enim voluptas excepturi ea. Enim architecto alias voluptates eum officia. Et occaecati asperiores quia accusamus exercitationem. Aliquam sequi excepturi iusto dolore quam tenetur asperiores quam.</p>\n\n<p>Id harum qui molestias qui voluptatibus earum. Eligendi vel omnis placeat ut. Iste et assumenda placeat ullam laborum dolore eos consequatur. Sit reprehenderit quam libero sit harum voluptas et.</p>\n\n<p>Placeat illum qui nostrum non vel et. Modi impedit quos eum rerum dolor voluptatum ex.</p>\n\n<p>Alias exercitationem velit quod molestias. Delectus enim dicta vel quo et. Magni quibusdam iure molestiae.</p>\n', 'home-bg.jpg', 'Meta for Ea a est est omnis neque hic.', '0', 'blog.layouts.post', '2015-12-25 16:31:15', '2015-12-25 16:31:15', '2015-12-07 12:40:28');
INSERT INTO `posts` VALUES ('14', 'et-dolore-ut-labore-accusamus-repellendus-illum-velit', 'Et dolore ut labore accusamus repellendus illum velit.', 'Rerum eum dolores iste aut rem unde omnis consectetur quae.', 'Delectus officiis voluptatum est eius omnis ullam. Et recusandae saepe molestiae alias sed aliquid. Dolore ipsum doloribus magnam qui hic. Autem velit tempora id fugit ut ipsam.\n\nNulla rerum quod est inventore impedit magnam. Dolores quam nihil quos deserunt et sint dignissimos porro. Unde veritatis a aliquam ullam. Dicta atque veritatis molestiae aut.\n\nUnde dolores ut molestias illo. Vero consequuntur architecto et. At molestiae rerum earum et ut non.', '<p>Delectus officiis voluptatum est eius omnis ullam. Et recusandae saepe molestiae alias sed aliquid. Dolore ipsum doloribus magnam qui hic. Autem velit tempora id fugit ut ipsam.</p>\n\n<p>Nulla rerum quod est inventore impedit magnam. Dolores quam nihil quos deserunt et sint dignissimos porro. Unde veritatis a aliquam ullam. Dicta atque veritatis molestiae aut.</p>\n\n<p>Unde dolores ut molestias illo. Vero consequuntur architecto et. At molestiae rerum earum et ut non.</p>\n', 'post-bg.jpg', 'Meta for Et dolore ut labore accusamus repellendus illum velit.', '0', 'blog.layouts.post', '2015-12-25 16:31:15', '2015-12-25 16:31:15', '2015-12-25 05:23:07');
INSERT INTO `posts` VALUES ('15', 'enim-dolores-nihil-consequuntur-atque-maiores-vel-itaque-asperiores-voluptatem-eligendi', 'Enim dolores nihil consequuntur atque maiores vel itaque asperiores voluptatem eligendi.', 'Dolores et nobis facere maiores fugiat eos magnam facilis quis eveniet at facilis quia.', 'Magni et saepe porro ea perferendis tempora dolorum. Sapiente et similique et corrupti sequi accusamus. Quia velit velit quo necessitatibus.\n\nAb natus delectus voluptatum eum laboriosam. Officia quo beatae architecto autem quae. Rerum impedit eum quasi alias. Occaecati facere provident quia cum.\n\nDolor sequi eum aut quia et ut voluptas. Nobis odio perferendis pariatur in et harum iure. Exercitationem vitae totam vel velit quod minus. Ex voluptate fugiat voluptatem quia quo.', '<p>Magni et saepe porro ea perferendis tempora dolorum. Sapiente et similique et corrupti sequi accusamus. Quia velit velit quo necessitatibus.</p>\n\n<p>Ab natus delectus voluptatum eum laboriosam. Officia quo beatae architecto autem quae. Rerum impedit eum quasi alias. Occaecati facere provident quia cum.</p>\n\n<p>Dolor sequi eum aut quia et ut voluptas. Nobis odio perferendis pariatur in et harum iure. Exercitationem vitae totam vel velit quod minus. Ex voluptate fugiat voluptatem quia quo.</p>\n', 'about-bg.jpg', 'Meta for Enim dolores nihil consequuntur atque maiores vel itaque asperiores voluptatem eligendi.', '0', 'blog.layouts.post', '2015-12-25 16:31:15', '2015-12-25 16:31:15', '2015-12-21 19:06:07');
INSERT INTO `posts` VALUES ('16', 'sed-qui-culpa-et-aliquid-reprehenderit-sunt-non-dolorum', 'Sed qui culpa et aliquid reprehenderit sunt non dolorum.', 'Voluptatem aut dolore vel autem praesentium magni quis amet quia officiis blanditiis officiis iste.', 'Quis ab harum et qui eum. Qui odio dolorem aspernatur in fugit. In esse in delectus sint occaecati.\n\nVoluptate aliquam distinctio ea excepturi assumenda rerum sequi. Magni beatae qui temporibus. Nulla illum saepe totam et. Illum minus soluta porro. Expedita tenetur et expedita commodi ut.\n\nQui ex tempore sapiente beatae ab architecto. Distinctio fugiat doloremque natus eligendi dolor voluptas autem. Est repellat sed magni non quis quos aut temporibus. Provident cum rem autem id.\n\nAsperiores commodi magni nobis magni. Et quibusdam dicta nihil autem sed quia debitis tenetur. Necessitatibus est ducimus illo voluptatem delectus autem voluptates. Necessitatibus perspiciatis ipsum incidunt voluptatum et ipsum quisquam est.', '<p>Quis ab harum et qui eum. Qui odio dolorem aspernatur in fugit. In esse in delectus sint occaecati.</p>\n\n<p>Voluptate aliquam distinctio ea excepturi assumenda rerum sequi. Magni beatae qui temporibus. Nulla illum saepe totam et. Illum minus soluta porro. Expedita tenetur et expedita commodi ut.</p>\n\n<p>Qui ex tempore sapiente beatae ab architecto. Distinctio fugiat doloremque natus eligendi dolor voluptas autem. Est repellat sed magni non quis quos aut temporibus. Provident cum rem autem id.</p>\n\n<p>Asperiores commodi magni nobis magni. Et quibusdam dicta nihil autem sed quia debitis tenetur. Necessitatibus est ducimus illo voluptatem delectus autem voluptates. Necessitatibus perspiciatis ipsum incidunt voluptatum et ipsum quisquam est.</p>\n', 'home-bg.jpg', 'Meta for Sed qui culpa et aliquid reprehenderit sunt non dolorum.', '0', 'blog.layouts.post', '2015-12-25 16:31:15', '2015-12-25 16:31:15', '2015-12-26 12:40:21');
INSERT INTO `posts` VALUES ('17', 'et-laborum-dolorem', 'Et laborum dolorem.', 'Voluptatibus necessitatibus qui tempore temporibus optio beatae dolorem et omnis omnis explicabo ex dolores omnis unde et porro.', 'Voluptas aut sint quia vel. Voluptate voluptatem quasi sed in ut. Tenetur provident in enim maiores odit numquam et. Expedita ea et quod corporis.\n\nQuae quaerat incidunt earum explicabo. Molestias harum molestiae facere nesciunt provident reprehenderit cumque. Et impedit odio et optio.\n\nEos fuga enim dicta eaque ullam modi facilis quam. Reprehenderit nostrum qui in est odio. In qui voluptas ut unde. Possimus fuga expedita earum maiores rem. Vitae ipsam sed ipsam eos tempore illum et.\n\nSint quas molestias magnam. Consequuntur aut voluptatem sed. Neque omnis ipsum voluptas est ut.', '<p>Voluptas aut sint quia vel. Voluptate voluptatem quasi sed in ut. Tenetur provident in enim maiores odit numquam et. Expedita ea et quod corporis.</p>\n\n<p>Quae quaerat incidunt earum explicabo. Molestias harum molestiae facere nesciunt provident reprehenderit cumque. Et impedit odio et optio.</p>\n\n<p>Eos fuga enim dicta eaque ullam modi facilis quam. Reprehenderit nostrum qui in est odio. In qui voluptas ut unde. Possimus fuga expedita earum maiores rem. Vitae ipsam sed ipsam eos tempore illum et.</p>\n\n<p>Sint quas molestias magnam. Consequuntur aut voluptatem sed. Neque omnis ipsum voluptas est ut.</p>\n', 'about-bg.jpg', 'Meta for Et laborum dolorem.', '0', 'blog.layouts.post', '2015-12-25 16:31:15', '2015-12-25 16:31:15', '2015-12-24 07:39:38');
INSERT INTO `posts` VALUES ('18', 'laudantium-sed-est-rerum-dolorum-enim-qui-deleniti-porro-soluta-voluptatibus', 'Laudantium sed est rerum dolorum enim qui deleniti porro soluta voluptatibus.', 'Corrupti natus ex vel rerum sapiente non odit sit dicta incidunt ut.', 'Omnis nihil sint inventore amet voluptate. Ut dolor fugit dolorem. Molestiae soluta laboriosam et. Molestias sint neque fuga deleniti. Est soluta ipsa blanditiis quis qui.\n\nMollitia et et quae et eveniet enim. Et possimus eum ratione cum sit voluptatum. Pariatur sit dolores aut eligendi reiciendis.\n\nLaboriosam et provident consequatur aperiam sunt. Minima aliquam nemo nemo officiis velit laudantium. Maxime error asperiores nam totam itaque. Culpa tenetur et delectus ut asperiores.\n\nQui cumque placeat exercitationem nesciunt molestiae. Alias nihil aspernatur sequi distinctio hic iusto aperiam omnis. Quo non eius aperiam dolorem quidem consequatur esse.', '<p>Omnis nihil sint inventore amet voluptate. Ut dolor fugit dolorem. Molestiae soluta laboriosam et. Molestias sint neque fuga deleniti. Est soluta ipsa blanditiis quis qui.</p>\n\n<p>Mollitia et et quae et eveniet enim. Et possimus eum ratione cum sit voluptatum. Pariatur sit dolores aut eligendi reiciendis.</p>\n\n<p>Laboriosam et provident consequatur aperiam sunt. Minima aliquam nemo nemo officiis velit laudantium. Maxime error asperiores nam totam itaque. Culpa tenetur et delectus ut asperiores.</p>\n\n<p>Qui cumque placeat exercitationem nesciunt molestiae. Alias nihil aspernatur sequi distinctio hic iusto aperiam omnis. Quo non eius aperiam dolorem quidem consequatur esse.</p>\n', 'about-bg.jpg', 'Meta for Laudantium sed est rerum dolorum enim qui deleniti porro soluta voluptatibus.', '0', 'blog.layouts.post', '2015-12-25 16:31:15', '2015-12-25 16:31:15', '2015-12-12 15:00:41');
INSERT INTO `posts` VALUES ('19', 'id-deserunt-molestias-iste-laborum-temporibus-rerum-numquam-asperiores-esse', 'Id deserunt molestias iste laborum temporibus rerum numquam asperiores esse.', 'In reiciendis rerum modi iure doloremque magnam perferendis necessitatibus iusto fuga rem cum corrupti autem doloribus optio cumque rerum.', 'A iusto qui natus. Nesciunt quae rem voluptatem vel velit. Quia numquam dolorum eos voluptatem hic.\n\nAsperiores ullam et quia commodi cumque nobis. Amet sapiente quia rem facilis numquam. Et possimus repellendus magnam unde.\n\nEt at reiciendis architecto qui optio voluptatem ut. Modi exercitationem sit et. Delectus temporibus dicta est et in dolores. Culpa ut velit corporis enim velit.\n\nIllo voluptatibus laudantium temporibus libero aliquid illo. Fuga qui voluptatem consequuntur est velit. Eum natus vitae laborum incidunt cum aut.', '<p>A iusto qui natus. Nesciunt quae rem voluptatem vel velit. Quia numquam dolorum eos voluptatem hic.</p>\n\n<p>Asperiores ullam et quia commodi cumque nobis. Amet sapiente quia rem facilis numquam. Et possimus repellendus magnam unde.</p>\n\n<p>Et at reiciendis architecto qui optio voluptatem ut. Modi exercitationem sit et. Delectus temporibus dicta est et in dolores. Culpa ut velit corporis enim velit.</p>\n\n<p>Illo voluptatibus laudantium temporibus libero aliquid illo. Fuga qui voluptatem consequuntur est velit. Eum natus vitae laborum incidunt cum aut.</p>\n', 'home-bg.jpg', 'Meta for Id deserunt molestias iste laborum temporibus rerum numquam asperiores esse.', '0', 'blog.layouts.post', '2015-12-25 16:31:15', '2015-12-25 16:31:15', '2015-11-30 08:35:57');
INSERT INTO `posts` VALUES ('20', 'rerum-iusto-blanditiis-veritatis-ratione-quia', 'Rerum iusto blanditiis veritatis ratione quia.', 'A in dolorem repudiandae nemo adipisci omnis aspernatur quibusdam mollitia.', 'Consequuntur quidem aliquid necessitatibus blanditiis nihil. Nulla officiis dicta velit. Sint et quas dicta minus illum architecto.\n\nMaiores eos maiores rerum praesentium quidem ad unde enim. Quia praesentium neque eos fugiat esse. In quo quam animi non velit.\n\nQuaerat debitis autem quia alias quam veritatis cupiditate corporis. Et aut dolor et praesentium iure voluptas quaerat. Consectetur omnis omnis rem dolorum vitae sit. Aliquam quam aut tempore fugit est ut repellat.\n\nNon fugit neque debitis velit quia aut voluptas. Culpa in et consequatur voluptatibus aut libero. Non sit rerum magnam molestias quisquam odit. Id quibusdam non et totam voluptatem. Omnis in error repellendus suscipit quisquam odio.\n\nQuasi praesentium aut nemo tempora ut cum ullam inventore. Amet beatae at omnis quos quo. Et officia quia eaque ea est dolorem. Commodi quo laboriosam id quo.\n\nLabore consectetur vitae optio laboriosam dolore sint sint perferendis. Praesentium accusamus qui doloremque possimus beatae. Est maiores ea in tempore est consequatur.', '<p>Consequuntur quidem aliquid necessitatibus blanditiis nihil. Nulla officiis dicta velit. Sint et quas dicta minus illum architecto.</p>\n\n<p>Maiores eos maiores rerum praesentium quidem ad unde enim. Quia praesentium neque eos fugiat esse. In quo quam animi non velit.</p>\n\n<p>Quaerat debitis autem quia alias quam veritatis cupiditate corporis. Et aut dolor et praesentium iure voluptas quaerat. Consectetur omnis omnis rem dolorum vitae sit. Aliquam quam aut tempore fugit est ut repellat.</p>\n\n<p>Non fugit neque debitis velit quia aut voluptas. Culpa in et consequatur voluptatibus aut libero. Non sit rerum magnam molestias quisquam odit. Id quibusdam non et totam voluptatem. Omnis in error repellendus suscipit quisquam odio.</p>\n\n<p>Quasi praesentium aut nemo tempora ut cum ullam inventore. Amet beatae at omnis quos quo. Et officia quia eaque ea est dolorem. Commodi quo laboriosam id quo.</p>\n\n<p>Labore consectetur vitae optio laboriosam dolore sint sint perferendis. Praesentium accusamus qui doloremque possimus beatae. Est maiores ea in tempore est consequatur.</p>\n', 'home-bg.jpg', 'Meta for Rerum iusto blanditiis veritatis ratione quia.', '0', 'blog.layouts.post', '2015-12-25 16:31:15', '2015-12-25 16:31:15', '2015-12-17 02:27:11');
INSERT INTO `project_user` VALUES ('1', '1', '1', '1', '0000-00-00 00:00:00', '0000-00-00 00:00:00');
INSERT INTO `project_user` VALUES ('2', '1', '2', '1', '0000-00-00 00:00:00', '0000-00-00 00:00:00');
INSERT INTO `project_user` VALUES ('3', '1', '3', '0', '0000-00-00 00:00:00', '0000-00-00 00:00:00');
INSERT INTO `projects` VALUES ('1', 'Test', 'internet', 'this is a test project to update', '1', '/image/project_img/project_item.jpg', '2015-12-12 06:13:55', '2015-12-12 08:49:52');
INSERT INTO `projects` VALUES ('2', 'Test2', 'media', 'this is test 2', '1', '/image/project_img/project_item.jpg', '2015-12-14 00:18:26', '2015-12-14 00:18:26');
INSERT INTO `projects` VALUES ('3', 'test3', 'media', 'test', '1', '/image/project_img/project_item.jpg', '2015-12-14 00:25:40', '2015-12-14 00:25:40');
INSERT INTO `tags` VALUES ('1', 'reprehenderit', 'Reprehenderit', 'Qui aut qui repellendus molestiae ea officia tempore quasi.', 'contact-bg.jpg', 'Meta for reprehenderit', 'blog.layouts.index', '0', '2015-12-25 16:31:13', '2015-12-25 16:31:13');
INSERT INTO `tags` VALUES ('2', 'adipisci', 'Adipisci', 'Omnis voluptate in eum ea explicabo ut.', 'contact-bg.jpg', 'Meta for adipisci', 'blog.layouts.index', '0', '2015-12-25 16:31:13', '2015-12-25 16:31:13');
INSERT INTO `tags` VALUES ('3', 'perferendis', 'Perferendis', 'Ratione eligendi ipsa ut hic ut molestiae.', 'home-bg.jpg', 'Meta for perferendis', 'blog.layouts.index', '0', '2015-12-25 16:31:13', '2015-12-25 16:31:13');
INSERT INTO `tags` VALUES ('4', 'qui', 'Qui', 'Ut fugit explicabo eius inventore id fuga.', 'about-bg.jpg', 'Meta for qui', 'blog.layouts.index', '0', '2015-12-25 16:31:14', '2015-12-25 16:31:14');
INSERT INTO `tags` VALUES ('5', 'consequatur', 'Consequatur', 'Cumque doloremque eligendi illum porro et aperiam non nobis.', 'home-bg.jpg', 'Meta for consequatur', 'blog.layouts.index', '0', '2015-12-25 16:31:14', '2015-12-25 16:31:14');
INSERT INTO `task_user` VALUES ('1', '1', '1', '0000-00-00 00:00:00', '0000-00-00 00:00:00');
INSERT INTO `task_user` VALUES ('2', '1', '2', '0000-00-00 00:00:00', '0000-00-00 00:00:00');
INSERT INTO `task_user` VALUES ('3', '1', '3', '0000-00-00 00:00:00', '0000-00-00 00:00:00');
INSERT INTO `task_user` VALUES ('4', '1', '4', '0000-00-00 00:00:00', '0000-00-00 00:00:00');
INSERT INTO `task_user` VALUES ('5', '1', '5', '0000-00-00 00:00:00', '0000-00-00 00:00:00');
INSERT INTO `task_user` VALUES ('6', '0', '0', '0000-00-00 00:00:00', '0000-00-00 00:00:00');
INSERT INTO `tasks` VALUES ('1', 'test1', 'test1', 'test1', '1', '1', '0000-00-00 00:00:00', '0000-00-00 00:00:00');
INSERT INTO `tasks` VALUES ('2', 'test2', 'test2', 'test2', '1', '0', '0000-00-00 00:00:00', '0000-00-00 00:00:00');
INSERT INTO `tasks` VALUES ('3', 'test3', 'test3', 'test3', '1', '2', '0000-00-00 00:00:00', '0000-00-00 00:00:00');
INSERT INTO `tasks` VALUES ('4', 'test4', 'test4', 'test4', '1', '1', '0000-00-00 00:00:00', '0000-00-00 00:00:00');
INSERT INTO `tasks` VALUES ('5', 'test5', 'test5', 'test5', '2', '1', '0000-00-00 00:00:00', '2015-12-15 09:02:52');
INSERT INTO `tasks` VALUES ('6', 'test task', 'test6', 'test update to update', '2', '2', '2015-12-14 00:42:00', '2015-12-15 03:54:29');
INSERT INTO `tasks` VALUES ('8', 'test8', 'test 8 ', 'test', '2', '1', '0000-00-00 00:00:00', '2015-12-15 02:10:30');
INSERT INTO `tasks` VALUES ('11', 'test10', 'test10', 'test10', '2', '0', '2015-12-14 16:00:34', '2015-12-14 16:09:28');
INSERT INTO `tasks` VALUES ('12', 'test11', 'test11', 'test11', '2', '2', '2015-12-14 16:00:51', '2015-12-15 02:01:59');
INSERT INTO `tasks` VALUES ('13', 'test12', 'test12', 'test12', '2', '2', '2015-12-14 16:01:07', '2015-12-15 00:32:26');
INSERT INTO `tasks` VALUES ('14', '11', '11', '2062', '2', '1', '2015-12-15 03:54:51', '2015-12-21 09:29:29');
INSERT INTO `tasks` VALUES ('15', 'tasl14', 'tasl14', 'task', '2', '0', '2015-12-21 02:01:58', '2015-12-21 02:01:58');
INSERT INTO `tasks` VALUES ('16', 'task13', 'task', 'task', '2', '1', '2015-12-21 02:03:47', '2015-12-21 09:29:32');
INSERT INTO `tasks` VALUES ('17', 'tasl17', 'tasl17', 'tasl17', '2', '1', '2015-12-21 02:05:12', '2015-12-21 05:21:26');
INSERT INTO `tasks` VALUES ('18', 'text18', 'tak', 'task', '2', '2', '2015-12-21 02:24:49', '2015-12-21 07:12:09');
INSERT INTO `users` VALUES ('1', 'laravel', 'laravel@test.com', '$2y$10$h21EgKqptjYDGSjMWRJF7uX49bcAs/gjM9XWiU.SfmC8fpjeYZDhm', 'yiFdqwLo5wqO41ukMdkN4xoEJImvDirzbkHFaHx8RVZxqco6jXoQ5NCSeE6v', '2015-12-12 03:43:20', '2015-12-25 05:30:33', '/image/protrait/default.png');
